"Time","beautiful_archimedes","cadvisor","dev-peer0.org1.example.com-basic_1.0-1f66cc610fb8ac88d69e78edc4c1cb09bac7c839fb5399009310ac8dfa703799","dev-peer0.org2.example.com-basic_1.0-1f66cc610fb8ac88d69e78edc4c1cb09bac7c839fb5399009310ac8dfa703799","grafana","orderer.example.com","orderer2.example.com","orderer3.example.com","orderer4.example.com","peer0.org1.example.com","peer0.org2.example.com","prometheus"
2026-07-30 06:09:15,,18.8 MiB,9.48 MiB,8.14 MiB,98.3 MiB,183 MiB,177 MiB,174 MiB,168 MiB,320 MiB,293 MiB,106 MiB
2026-07-30 06:09:30,,18.8 MiB,9.48 MiB,8.14 MiB,98.3 MiB,185 MiB,183 MiB,175 MiB,168 MiB,327 MiB,296 MiB,106 MiB
2026-07-30 06:09:45,,13.8 MiB,9.48 MiB,8.14 MiB,98.3 MiB,207 MiB,197 MiB,200 MiB,192 MiB,427 MiB,333 MiB,108 MiB
2026-07-30 06:10:00,1.30 MiB,17.6 MiB,9.48 MiB,8.14 MiB,98.3 MiB,207 MiB,197 MiB,200 MiB,192 MiB,468 MiB,401 MiB,108 MiB
2026-07-30 06:10:15,1.30 MiB,21.3 MiB,10.2 MiB,9.80 MiB,98.3 MiB,209 MiB,197 MiB,200 MiB,192 MiB,468 MiB,401 MiB,111 MiB
2026-07-30 06:10:30,1.30 MiB,21.3 MiB,13.3 MiB,11.8 MiB,98.3 MiB,205 MiB,197 MiB,200 MiB,193 MiB,468 MiB,441 MiB,111 MiB
2026-07-30 06:10:45,1.30 MiB,17.4 MiB,16.9 MiB,15.9 MiB,98.3 MiB,210 MiB,197 MiB,201 MiB,193 MiB,468 MiB,441 MiB,110 MiB
2026-07-30 06:11:00,1.30 MiB,17.3 MiB,17.1 MiB,15.7 MiB,98.3 MiB,219 MiB,208 MiB,210 MiB,205 MiB,417 MiB,385 MiB,110 MiB
2026-07-30 06:11:15,1.30 MiB,17.3 MiB,16.6 MiB,15.7 MiB,98.3 MiB,220 MiB,211 MiB,209 MiB,208 MiB,418 MiB,385 MiB,110 MiB
2026-07-30 06:11:30,1.30 MiB,17.2 MiB,16.8 MiB,15.6 MiB,98.3 MiB,226 MiB,218 MiB,219 MiB,208 MiB,421 MiB,388 MiB,110 MiB
2026-07-30 06:11:45,1.30 MiB,14.6 MiB,17.5 MiB,16.4 MiB,98.3 MiB,238 MiB,227 MiB,228 MiB,219 MiB,443 MiB,399 MiB,113 MiB
2026-07-30 06:12:00,1.30 MiB,14.6 MiB,17.5 MiB,15.9 MiB,98.3 MiB,240 MiB,233 MiB,233 MiB,226 MiB,443 MiB,414 MiB,120 MiB
2026-07-30 06:12:15,1.30 MiB,18.3 MiB,16.9 MiB,15.9 MiB,98.3 MiB,246 MiB,238 MiB,240 MiB,238 MiB,445 MiB,415 MiB,120 MiB
2026-07-30 06:12:30,1.30 MiB,18.3 MiB,16.9 MiB,15.8 MiB,98.3 MiB,252 MiB,250 MiB,246 MiB,238 MiB,452 MiB,426 MiB,120 MiB
2026-07-30 06:12:45,1.30 MiB,20.9 MiB,17.2 MiB,15.9 MiB,98.3 MiB,252 MiB,253 MiB,255 MiB,249 MiB,467 MiB,439 MiB,121 MiB
2026-07-30 06:13:00,1.30 MiB,17.5 MiB,16.8 MiB,15.8 MiB,98.3 MiB,267 MiB,261 MiB,258 MiB,253 MiB,469 MiB,441 MiB,121 MiB
2026-07-30 06:13:15,1.30 MiB,20.4 MiB,16.8 MiB,15.8 MiB,98.3 MiB,267 MiB,261 MiB,267 MiB,262 MiB,473 MiB,445 MiB,122 MiB
2026-07-30 06:13:30,1.30 MiB,22.8 MiB,16.8 MiB,15.6 MiB,98.3 MiB,274 MiB,269 MiB,279 MiB,280 MiB,493 MiB,460 MiB,122 MiB
2026-07-30 06:13:45,1.30 MiB,22.8 MiB,17.1 MiB,15.6 MiB,98.4 MiB,286 MiB,279 MiB,279 MiB,277 MiB,498 MiB,467 MiB,122 MiB
2026-07-30 06:14:00,1.30 MiB,17.9 MiB,7.67 MiB,7.92 MiB,98.4 MiB,286 MiB,282 MiB,286 MiB,281 MiB,498 MiB,174 MiB,128 MiB
2026-07-30 06:14:15,1.30 MiB,20.4 MiB,7.95 MiB,7.18 MiB,98.4 MiB,117 MiB,109 MiB,118 MiB,116 MiB,183 MiB,178 MiB,128 MiB
2026-07-30 06:14:30,1.30 MiB,20.4 MiB,7.54 MiB,7.18 MiB,98.4 MiB,124 MiB,126 MiB,133 MiB,132 MiB,206 MiB,193 MiB,128 MiB
2026-07-30 06:14:45,1.30 MiB,19.0 MiB,7.90 MiB,7.79 MiB,98.4 MiB,131 MiB,126 MiB,133 MiB,135 MiB,211 MiB,197 MiB,128 MiB
2026-07-30 06:15:00,,19.0 MiB,7.60 MiB,8.05 MiB,98.4 MiB,132 MiB,131 MiB,135 MiB,135 MiB,211 MiB,200 MiB,128 MiB
2026-07-30 06:15:15,,19.4 MiB,7.88 MiB,8.05 MiB,98.4 MiB,132 MiB,132 MiB,135 MiB,139 MiB,216 MiB,202 MiB,128 MiB
2026-07-30 06:15:30,,20.0 MiB,7.66 MiB,8.03 MiB,98.4 MiB,140 MiB,138 MiB,140 MiB,143 MiB,220 MiB,202 MiB,128 MiB
2026-07-30 06:15:45,,17.9 MiB,7.67 MiB,7.26 MiB,98.4 MiB,140 MiB,139 MiB,140 MiB,143 MiB,220 MiB,217 MiB,128 MiB
2026-07-30 06:16:00,,19.6 MiB,7.74 MiB,7.26 MiB,98.4 MiB,141 MiB,138 MiB,141 MiB,144 MiB,221 MiB,217 MiB,128 MiB
2026-07-30 06:16:15,,19.6 MiB,7.74 MiB,7.59 MiB,98.4 MiB,141 MiB,144 MiB,141 MiB,144 MiB,231 MiB,217 MiB,92.3 MiB
2026-07-30 06:16:30,,19.7 MiB,8.58 MiB,9.21 MiB,98.4 MiB,160 MiB,151 MiB,153 MiB,163 MiB,250 MiB,231 MiB,92.3 MiB
2026-07-30 06:16:45,,21.3 MiB,8.58 MiB,7.83 MiB,98.4 MiB,159 MiB,152 MiB,154 MiB,160 MiB,253 MiB,243 MiB,92.3 MiB
2026-07-30 06:17:00,,18.7 MiB,7.95 MiB,7.74 MiB,98.4 MiB,159 MiB,154 MiB,154 MiB,163 MiB,252 MiB,243 MiB,92.3 MiB
2026-07-30 06:17:15,,18.4 MiB,8.76 MiB,8.24 MiB,98.4 MiB,161 MiB,153 MiB,157 MiB,162 MiB,252 MiB,244 MiB,94.8 MiB
2026-07-30 06:17:30,,18.4 MiB,8.04 MiB,7.69 MiB,98.4 MiB,161 MiB,153 MiB,154 MiB,161 MiB,245 MiB,244 MiB,94.8 MiB
2026-07-30 06:17:45,,15.5 MiB,8.21 MiB,8.51 MiB,98.4 MiB,159 MiB,154 MiB,157 MiB,166 MiB,249 MiB,244 MiB,94.8 MiB
2026-07-30 06:18:00,,18.5 MiB,8.51 MiB,8.15 MiB,98.4 MiB,160 MiB,151 MiB,156 MiB,163 MiB,253 MiB,248 MiB,94.8 MiB
2026-07-30 06:18:15,,20.9 MiB,7.77 MiB,8.02 MiB,98.4 MiB,159 MiB,153 MiB,155 MiB,162 MiB,255 MiB,250 MiB,92.9 MiB
2026-07-30 06:18:30,,19.0 MiB,7.69 MiB,8.02 MiB,98.4 MiB,159 MiB,154 MiB,155 MiB,160 MiB,253 MiB,251 MiB,93.5 MiB
2026-07-30 06:18:45,,19.0 MiB,7.69 MiB,8.61 MiB,98.4 MiB,159 MiB,154 MiB,159 MiB,162 MiB,253 MiB,251 MiB,93.5 MiB
2026-07-30 06:19:00,,19.0 MiB,8.03 MiB,7.68 MiB,98.4 MiB,161 MiB,152 MiB,155 MiB,158 MiB,257 MiB,251 MiB,94.1 MiB
2026-07-30 06:19:15,,19.3 MiB,7.96 MiB,7.68 MiB,98.4 MiB,161 MiB,156 MiB,156 MiB,163 MiB,259 MiB,261 MiB,94.1 MiB
2026-07-30 06:19:30,,18.4 MiB,8.57 MiB,8.28 MiB,98.4 MiB,161 MiB,156 MiB,157 MiB,160 MiB,265 MiB,261 MiB,100 MiB
2026-07-30 06:19:45,,18.4 MiB,8.30 MiB,8.11 MiB,98.4 MiB,162 MiB,154 MiB,157 MiB,160 MiB,267 MiB,261 MiB,101 MiB
2026-07-30 06:20:00,,19.3 MiB,8.42 MiB,8.29 MiB,98.4 MiB,165 MiB,153 MiB,155 MiB,160 MiB,268 MiB,267 MiB,99.9 MiB
2026-07-30 06:20:15,,20.1 MiB,8.42 MiB,8.39 MiB,98.4 MiB,161 MiB,151 MiB,156 MiB,162 MiB,263 MiB,255 MiB,99.9 MiB
2026-07-30 06:20:30,,21.2 MiB,8.47 MiB,8.20 MiB,98.4 MiB,158 MiB,154 MiB,156 MiB,161 MiB,265 MiB,260 MiB,99.9 MiB
2026-07-30 06:20:45,,19.4 MiB,8.29 MiB,8.20 MiB,98.4 MiB,164 MiB,153 MiB,154 MiB,161 MiB,271 MiB,271 MiB,99.9 MiB
2026-07-30 06:21:00,,22.2 MiB,8.17 MiB,8.33 MiB,98.4 MiB,164 MiB,159 MiB,154 MiB,164 MiB,271 MiB,269 MiB,99.9 MiB
2026-07-30 06:21:15,,20.7 MiB,8.33 MiB,8.20 MiB,98.4 MiB,158 MiB,155 MiB,153 MiB,160 MiB,270 MiB,270 MiB,99.9 MiB
2026-07-30 06:21:30,,17.8 MiB,8.55 MiB,7.81 MiB,98.4 MiB,159 MiB,152 MiB,158 MiB,162 MiB,281 MiB,271 MiB,99.9 MiB
2026-07-30 06:21:45,,23.4 MiB,9.10 MiB,8.99 MiB,98.4 MiB,164 MiB,151 MiB,162 MiB,162 MiB,292 MiB,271 MiB,100.0 MiB
2026-07-30 06:22:00,,22.5 MiB,9.35 MiB,8.31 MiB,98.4 MiB,164 MiB,154 MiB,159 MiB,162 MiB,289 MiB,280 MiB,100.0 MiB
2026-07-30 06:22:15,,22.1 MiB,9.35 MiB,8.31 MiB,98.4 MiB,163 MiB,162 MiB,159 MiB,169 MiB,295 MiB,288 MiB,86.2 MiB
2026-07-30 06:22:30,,22.1 MiB,9.10 MiB,8.34 MiB,98.4 MiB,164 MiB,156 MiB,161 MiB,169 MiB,309 MiB,297 MiB,86.2 MiB
2026-07-30 06:22:45,,23.2 MiB,8.80 MiB,9.82 MiB,98.4 MiB,164 MiB,159 MiB,162 MiB,165 MiB,292 MiB,281 MiB,86.2 MiB
2026-07-30 06:23:00,,23.2 MiB,8.80 MiB,8.41 MiB,98.4 MiB,176 MiB,159 MiB,162 MiB,168 MiB,300 MiB,286 MiB,86.2 MiB
2026-07-30 06:23:15,,17.2 MiB,8.94 MiB,8.86 MiB,98.4 MiB,176 MiB,166 MiB,159 MiB,169 MiB,294 MiB,287 MiB,88.3 MiB
2026-07-30 06:23:30,,18.8 MiB,10.3 MiB,8.62 MiB,98.4 MiB,166 MiB,157 MiB,168 MiB,172 MiB,296 MiB,291 MiB,94.6 MiB
2026-07-30 06:23:45,,23.2 MiB,8.95 MiB,8.67 MiB,98.5 MiB,166 MiB,156 MiB,168 MiB,166 MiB,300 MiB,291 MiB,94.6 MiB
2026-07-30 06:24:00,,17.5 MiB,8.63 MiB,8.67 MiB,98.5 MiB,167 MiB,156 MiB,169 MiB,169 MiB,300 MiB,299 MiB,94.6 MiB
2026-07-30 06:24:15,,17.5 MiB,8.45 MiB,8.70 MiB,98.5 MiB,166 MiB,161 MiB,169 MiB,167 MiB,327 MiB,299 MiB,91.5 MiB
2026-07-30 06:24:30,,19.4 MiB,9.09 MiB,8.70 MiB,98.5 MiB,168 MiB,161 MiB,161 MiB,168 MiB,327 MiB,301 MiB,91.5 MiB
2026-07-30 06:24:45,,17.5 MiB,9.09 MiB,10.2 MiB,98.5 MiB,164 MiB,159 MiB,166 MiB,168 MiB,304 MiB,296 MiB,91.5 MiB
2026-07-30 06:25:00,,17.2 MiB,9.39 MiB,9.15 MiB,98.5 MiB,172 MiB,157 MiB,163 MiB,170 MiB,338 MiB,298 MiB,91.5 MiB
2026-07-30 06:25:15,,18.4 MiB,8.43 MiB,9.15 MiB,98.5 MiB,166 MiB,157 MiB,164 MiB,170 MiB,308 MiB,298 MiB,91.5 MiB
2026-07-30 06:25:30,,18.4 MiB,8.43 MiB,9.76 MiB,98.5 MiB,166 MiB,159 MiB,169 MiB,169 MiB,308 MiB,304 MiB,91.4 MiB
2026-07-30 06:25:45,,17.9 MiB,8.09 MiB,8.91 MiB,98.5 MiB,166 MiB,163 MiB,162 MiB,165 MiB,307 MiB,310 MiB,91.4 MiB
2026-07-30 06:26:00,,17.1 MiB,8.86 MiB,8.96 MiB,98.4 MiB,166 MiB,162 MiB,161 MiB,175 MiB,322 MiB,310 MiB,91.4 MiB
2026-07-30 06:26:15,,17.7 MiB,9.07 MiB,8.64 MiB,98.4 MiB,171 MiB,162 MiB,161 MiB,166 MiB,300 MiB,295 MiB,97.7 MiB
2026-07-30 06:26:30,,18.5 MiB,8.88 MiB,8.64 MiB,98.4 MiB,175 MiB,169 MiB,163 MiB,171 MiB,320 MiB,293 MiB,97.7 MiB
2026-07-30 06:26:45,,18.3 MiB,9.07 MiB,9.10 MiB,98.5 MiB,175 MiB,169 MiB,165 MiB,171 MiB,312 MiB,293 MiB,97.7 MiB
2026-07-30 06:27:00,,18.3 MiB,9.25 MiB,9.10 MiB,98.5 MiB,175 MiB,169 MiB,165 MiB,171 MiB,312 MiB,294 MiB,97.7 MiB
2026-07-30 06:27:15,,19.1 MiB,8.68 MiB,9.10 MiB,98.5 MiB,175 MiB,169 MiB,165 MiB,171 MiB,277 MiB,294 MiB,97.7 MiB
2026-07-30 06:27:30,,17.7 MiB,8.77 MiB,9.10 MiB,98.5 MiB,175 MiB,169 MiB,165 MiB,171 MiB,277 MiB,294 MiB,97.7 MiB
2026-07-30 06:27:45,,18.5 MiB,8.60 MiB,9.10 MiB,98.5 MiB,175 MiB,169 MiB,165 MiB,171 MiB,277 MiB,294 MiB,98.4 MiB
2026-07-30 06:28:00,,21.5 MiB,8.60 MiB,9.10 MiB,98.5 MiB,175 MiB,169 MiB,165 MiB,171 MiB,277 MiB,294 MiB,98.4 MiB
2026-07-30 06:28:15,,20.3 MiB,8.68 MiB,9.10 MiB,98.5 MiB,175 MiB,169 MiB,165 MiB,171 MiB,278 MiB,294 MiB,90.2 MiB
2026-07-30 06:28:30,,20.3 MiB,8.78 MiB,9.10 MiB,98.5 MiB,117 MiB,161 MiB,165 MiB,155 MiB,278 MiB,237 MiB,90.2 MiB
2026-07-30 06:28:45,,14.6 MiB,8.74 MiB,8.53 MiB,98.9 MiB,117 MiB,161 MiB,136 MiB,155 MiB,277 MiB,237 MiB,92.2 MiB
2026-07-30 06:29:00,,19.2 MiB,8.48 MiB,8.53 MiB,98.9 MiB,117 MiB,161 MiB,136 MiB,155 MiB,277 MiB,237 MiB,92.2 MiB
2026-07-30 06:29:15,,19.8 MiB,8.86 MiB,8.53 MiB,98.9 MiB,117 MiB,161 MiB,136 MiB,155 MiB,277 MiB,237 MiB,98.5 MiB
2026-07-30 06:29:30,,20.5 MiB,8.36 MiB,8.53 MiB,98.9 MiB,117 MiB,161 MiB,136 MiB,155 MiB,277 MiB,237 MiB,105 MiB
2026-07-30 06:29:45,,18.3 MiB,8.66 MiB,8.53 MiB,99.0 MiB,117 MiB,161 MiB,136 MiB,155 MiB,277 MiB,237 MiB,112 MiB
2026-07-30 06:30:00,,18.3 MiB,8.52 MiB,8.53 MiB,99.0 MiB,117 MiB,161 MiB,136 MiB,155 MiB,275 MiB,237 MiB,112 MiB
2026-07-30 06:30:15,,20.2 MiB,8.79 MiB,8.53 MiB,99.0 MiB,117 MiB,161 MiB,136 MiB,155 MiB,275 MiB,237 MiB,111 MiB
2026-07-30 06:30:30,,18.7 MiB,8.79 MiB,8.53 MiB,99.0 MiB,98.2 MiB,161 MiB,91.1 MiB,91.6 MiB,275 MiB,237 MiB,111 MiB
2026-07-30 06:30:45,,19.8 MiB,8.40 MiB,7.73 MiB,99.1 MiB,98.2 MiB,161 MiB,91.1 MiB,91.6 MiB,275 MiB,174 MiB,111 MiB
2026-07-30 06:31:00,,19.7 MiB,8.59 MiB,7.73 MiB,99.1 MiB,98.2 MiB,88.3 MiB,91.1 MiB,91.6 MiB,275 MiB,174 MiB,111 MiB
2026-07-30 06:31:15,,20.4 MiB,8.82 MiB,7.73 MiB,99.1 MiB,98.2 MiB,88.3 MiB,91.1 MiB,91.6 MiB,275 MiB,174 MiB,111 MiB
2026-07-30 06:31:30,,18.4 MiB,8.80 MiB,7.73 MiB,99.1 MiB,98.2 MiB,88.3 MiB,91.1 MiB,91.6 MiB,275 MiB,174 MiB,111 MiB
2026-07-30 06:31:45,,18.0 MiB,8.38 MiB,7.73 MiB,98.7 MiB,98.2 MiB,88.3 MiB,91.1 MiB,91.6 MiB,275 MiB,174 MiB,111 MiB
2026-07-30 06:32:00,,18.7 MiB,8.49 MiB,7.73 MiB,98.7 MiB,98.2 MiB,88.3 MiB,91.1 MiB,91.6 MiB,275 MiB,174 MiB,111 MiB
2026-07-30 06:32:15,,18.7 MiB,8.49 MiB,7.73 MiB,98.7 MiB,98.2 MiB,88.3 MiB,91.1 MiB,91.6 MiB,274 MiB,174 MiB,87.4 MiB
2026-07-30 06:32:30,,17.4 MiB,8.44 MiB,7.73 MiB,98.7 MiB,98.2 MiB,88.3 MiB,91.1 MiB,91.6 MiB,274 MiB,174 MiB,87.5 MiB
2026-07-30 06:32:45,,19.1 MiB,8.41 MiB,7.73 MiB,98.7 MiB,97.0 MiB,88.3 MiB,91.1 MiB,91.6 MiB,273 MiB,174 MiB,93.8 MiB
2026-07-30 06:33:00,,18.5 MiB,8.24 MiB,7.60 MiB,98.7 MiB,97.7 MiB,88.3 MiB,91.1 MiB,91.6 MiB,273 MiB,175 MiB,93.8 MiB
2026-07-30 06:33:15,,21.4 MiB,8.42 MiB,7.60 MiB,98.7 MiB,98.3 MiB,88.3 MiB,91.1 MiB,91.6 MiB,273 MiB,175 MiB,95.5 MiB
2026-07-30 06:33:30,,21.4 MiB,8.18 MiB,7.60 MiB,98.7 MiB,98.9 MiB,88.3 MiB,91.1 MiB,91.6 MiB,273 MiB,176 MiB,95.6 MiB
2026-07-30 06:33:45,,14.4 MiB,8.18 MiB,7.60 MiB,98.8 MiB,99.6 MiB,88.3 MiB,91.1 MiB,91.6 MiB,273 MiB,176 MiB,103 MiB
2026-07-30 06:34:00,,18.4 MiB,8.12 MiB,7.60 MiB,98.8 MiB,99.6 MiB,88.3 MiB,91.1 MiB,91.6 MiB,273 MiB,176 MiB,103 MiB
2026-07-30 06:34:15,,19.8 MiB,8.12 MiB,7.60 MiB,98.6 MiB,99.6 MiB,88.3 MiB,91.1 MiB,91.6 MiB,273 MiB,176 MiB,110 MiB
2026-07-30 06:34:30,,19.8 MiB,8.12 MiB,7.60 MiB,98.6 MiB,99.6 MiB,88.3 MiB,91.1 MiB,91.6 MiB,273 MiB,176 MiB,110 MiB
2026-07-30 06:34:45,,21.5 MiB,7.92 MiB,7.60 MiB,98.6 MiB,96.6 MiB,88.3 MiB,91.1 MiB,91.6 MiB,273 MiB,176 MiB,110 MiB
2026-07-30 06:35:00,,20.1 MiB,8.07 MiB,7.60 MiB,98.6 MiB,96.6 MiB,88.3 MiB,91.1 MiB,91.6 MiB,273 MiB,176 MiB,110 MiB
2026-07-30 06:35:15,,20.1 MiB,8.07 MiB,7.60 MiB,98.6 MiB,96.6 MiB,88.3 MiB,91.1 MiB,91.6 MiB,273 MiB,176 MiB,110 MiB
2026-07-30 06:35:30,,20.1 MiB,8.22 MiB,7.60 MiB,98.6 MiB,96.6 MiB,88.3 MiB,91.1 MiB,91.6 MiB,273 MiB,176 MiB,110 MiB
2026-07-30 06:35:45,,19.0 MiB,8.13 MiB,7.60 MiB,98.6 MiB,96.6 MiB,88.3 MiB,91.1 MiB,91.6 MiB,273 MiB,176 MiB,110 MiB
2026-07-30 06:36:00,,21.5 MiB,7.99 MiB,7.60 MiB,98.6 MiB,96.6 MiB,88.3 MiB,91.1 MiB,91.6 MiB,273 MiB,176 MiB,117 MiB
2026-07-30 06:36:15,,21.5 MiB,8.10 MiB,7.60 MiB,98.7 MiB,96.6 MiB,88.3 MiB,91.1 MiB,91.6 MiB,273 MiB,176 MiB,117 MiB
2026-07-30 06:36:30,,18.5 MiB,8.37 MiB,7.60 MiB,98.7 MiB,96.2 MiB,88.3 MiB,91.1 MiB,91.6 MiB,273 MiB,176 MiB,117 MiB
2026-07-30 06:36:45,,18.0 MiB,8.04 MiB,7.60 MiB,98.7 MiB,96.2 MiB,88.3 MiB,91.1 MiB,91.6 MiB,273 MiB,176 MiB,117 MiB
2026-07-30 06:37:00,,19.6 MiB,7.81 MiB,7.60 MiB,98.7 MiB,96.2 MiB,88.3 MiB,91.1 MiB,91.6 MiB,273 MiB,176 MiB,117 MiB
2026-07-30 06:37:15,,17.3 MiB,8.13 MiB,7.60 MiB,98.7 MiB,96.2 MiB,88.3 MiB,91.1 MiB,91.6 MiB,273 MiB,176 MiB,117 MiB
2026-07-30 06:37:30,,18.1 MiB,7.88 MiB,7.60 MiB,98.7 MiB,96.2 MiB,88.3 MiB,91.1 MiB,91.6 MiB,273 MiB,176 MiB,117 MiB
2026-07-30 06:37:45,,18.3 MiB,7.88 MiB,7.60 MiB,98.7 MiB,96.2 MiB,88.3 MiB,91.1 MiB,91.6 MiB,273 MiB,176 MiB,117 MiB
2026-07-30 06:38:00,,18.3 MiB,8.21 MiB,7.60 MiB,98.7 MiB,96.2 MiB,88.3 MiB,91.1 MiB,91.6 MiB,273 MiB,176 MiB,117 MiB
2026-07-30 06:38:15,,18.0 MiB,7.90 MiB,7.60 MiB,98.7 MiB,96.8 MiB,88.3 MiB,91.1 MiB,91.6 MiB,273 MiB,176 MiB,117 MiB
2026-07-30 06:38:30,,20.1 MiB,7.74 MiB,7.60 MiB,98.7 MiB,96.8 MiB,88.3 MiB,91.1 MiB,91.6 MiB,273 MiB,176 MiB,96.5 MiB
2026-07-30 06:38:45,,20.1 MiB,8.20 MiB,7.60 MiB,98.7 MiB,96.3 MiB,88.3 MiB,91.1 MiB,91.6 MiB,273 MiB,176 MiB,96.5 MiB
2026-07-30 06:39:00,,18.5 MiB,7.94 MiB,7.60 MiB,98.7 MiB,96.3 MiB,88.3 MiB,91.1 MiB,91.6 MiB,273 MiB,176 MiB,96.5 MiB
2026-07-30 06:39:15,,18.5 MiB,7.94 MiB,7.60 MiB,98.7 MiB,96.3 MiB,88.3 MiB,91.1 MiB,91.6 MiB,273 MiB,176 MiB,96.5 MiB
2026-07-30 06:39:30,,19.4 MiB,8.23 MiB,7.60 MiB,98.7 MiB,96.3 MiB,88.3 MiB,91.1 MiB,91.6 MiB,273 MiB,176 MiB,96.5 MiB
2026-07-30 06:39:45,,19.2 MiB,8.23 MiB,7.60 MiB,98.7 MiB,96.9 MiB,88.3 MiB,91.1 MiB,91.6 MiB,273 MiB,176 MiB,98.5 MiB
2026-07-30 06:40:00,,19.2 MiB,8.29 MiB,7.60 MiB,98.7 MiB,97.5 MiB,88.3 MiB,91.1 MiB,91.6 MiB,273 MiB,176 MiB,98.5 MiB
2026-07-30 06:40:15,,19.3 MiB,8.07 MiB,7.60 MiB,98.7 MiB,97.5 MiB,88.3 MiB,91.1 MiB,91.6 MiB,273 MiB,176 MiB,93.9 MiB
2026-07-30 06:40:30,,22.2 MiB,7.70 MiB,7.60 MiB,98.7 MiB,97.5 MiB,88.3 MiB,91.1 MiB,91.6 MiB,273 MiB,176 MiB,93.9 MiB
2026-07-30 06:40:45,,20.0 MiB,7.70 MiB,7.60 MiB,98.7 MiB,97.5 MiB,88.3 MiB,91.1 MiB,91.6 MiB,273 MiB,176 MiB,93.9 MiB
2026-07-30 06:41:00,,17.5 MiB,7.74 MiB,7.60 MiB,98.7 MiB,97.5 MiB,88.3 MiB,91.1 MiB,91.6 MiB,273 MiB,176 MiB,100 MiB
2026-07-30 06:41:15,,17.4 MiB,8.29 MiB,7.60 MiB,98.7 MiB,97.5 MiB,88.3 MiB,91.1 MiB,91.6 MiB,273 MiB,176 MiB,100 MiB
2026-07-30 06:41:30,,21.9 MiB,7.69 MiB,7.60 MiB,98.7 MiB,97.5 MiB,88.3 MiB,91.1 MiB,91.6 MiB,273 MiB,176 MiB,100 MiB
2026-07-30 06:41:45,,18.0 MiB,7.82 MiB,7.60 MiB,98.7 MiB,97.5 MiB,88.3 MiB,91.1 MiB,91.6 MiB,273 MiB,176 MiB,100 MiB
2026-07-30 06:42:00,,18.3 MiB,7.79 MiB,7.60 MiB,98.7 MiB,97.5 MiB,88.3 MiB,91.1 MiB,91.6 MiB,273 MiB,176 MiB,100 MiB
2026-07-30 06:42:15,,18.3 MiB,7.79 MiB,7.60 MiB,98.7 MiB,145 MiB,88.3 MiB,91.1 MiB,142 MiB,273 MiB,220 MiB,100 MiB
2026-07-30 06:42:30,,19.0 MiB,7.54 MiB,8.79 MiB,98.7 MiB,145 MiB,141 MiB,145 MiB,143 MiB,274 MiB,259 MiB,94.9 MiB
2026-07-30 06:42:45,,19.6 MiB,8.07 MiB,8.43 MiB,98.7 MiB,148 MiB,142 MiB,145 MiB,157 MiB,282 MiB,259 MiB,95.5 MiB
2026-07-30 06:43:00,,18.9 MiB,7.73 MiB,8.52 MiB,98.7 MiB,148 MiB,146 MiB,151 MiB,149 MiB,283 MiB,271 MiB,96.2 MiB
2026-07-30 06:43:15,,21.8 MiB,7.90 MiB,8.29 MiB,98.7 MiB,149 MiB,146 MiB,149 MiB,149 MiB,281 MiB,271 MiB,96.2 MiB
2026-07-30 06:43:30,,20.2 MiB,8.10 MiB,8.60 MiB,98.7 MiB,150 MiB,146 MiB,150 MiB,149 MiB,281 MiB,271 MiB,96.9 MiB
2026-07-30 06:43:45,,17.8 MiB,8.07 MiB,8.60 MiB,98.7 MiB,150 MiB,151 MiB,150 MiB,155 MiB,282 MiB,275 MiB,97.0 MiB
2026-07-30 06:44:00,,17.8 MiB,7.43 MiB,8.40 MiB,98.7 MiB,150 MiB,146 MiB,148 MiB,149 MiB,283 MiB,275 MiB,97.0 MiB
2026-07-30 06:44:15,,18.8 MiB,7.52 MiB,8.19 MiB,98.7 MiB,149 MiB,147 MiB,148 MiB,149 MiB,283 MiB,275 MiB,92.3 MiB
2026-07-30 06:44:30,,18.8 MiB,7.52 MiB,8.19 MiB,98.7 MiB,150 MiB,148 MiB,150 MiB,157 MiB,288 MiB,277 MiB,92.4 MiB
2026-07-30 06:44:45,,17.5 MiB,7.73 MiB,8.83 MiB,98.7 MiB,149 MiB,148 MiB,154 MiB,157 MiB,286 MiB,278 MiB,92.4 MiB
2026-07-30 06:45:00,,18.7 MiB,7.53 MiB,8.11 MiB,98.7 MiB,149 MiB,148 MiB,154 MiB,149 MiB,286 MiB,277 MiB,92.4 MiB
2026-07-30 06:45:15,,22.1 MiB,7.81 MiB,8.11 MiB,98.7 MiB,150 MiB,147 MiB,150 MiB,149 MiB,283 MiB,277 MiB,92.4 MiB
2026-07-30 06:45:30,,19.8 MiB,8.14 MiB,8.49 MiB,98.7 MiB,148 MiB,152 MiB,150 MiB,149 MiB,292 MiB,280 MiB,92.4 MiB
2026-07-30 06:45:45,,19.5 MiB,7.51 MiB,8.13 MiB,98.7 MiB,149 MiB,148 MiB,150 MiB,151 MiB,285 MiB,280 MiB,92.4 MiB
2026-07-30 06:46:00,,20.7 MiB,7.62 MiB,7.94 MiB,98.7 MiB,149 MiB,148 MiB,150 MiB,151 MiB,285 MiB,275 MiB,92.4 MiB
2026-07-30 06:46:15,,17.5 MiB,7.53 MiB,7.98 MiB,98.7 MiB,153 MiB,148 MiB,150 MiB,151 MiB,285 MiB,275 MiB,92.4 MiB
2026-07-30 06:46:30,,19.5 MiB,7.61 MiB,7.90 MiB,98.7 MiB,153 MiB,154 MiB,157 MiB,152 MiB,292 MiB,275 MiB,81.3 MiB
2026-07-30 06:46:45,,19.1 MiB,7.69 MiB,8.26 MiB,98.7 MiB,152 MiB,150 MiB,152 MiB,151 MiB,279 MiB,273 MiB,89.1 MiB
2026-07-30 06:47:00,,17.7 MiB,7.69 MiB,8.26 MiB,98.7 MiB,152 MiB,150 MiB,151 MiB,151 MiB,279 MiB,273 MiB,89.2 MiB
2026-07-30 06:47:15,,18.4 MiB,7.81 MiB,8.03 MiB,98.7 MiB,152 MiB,148 MiB,152 MiB,152 MiB,280 MiB,271 MiB,89.2 MiB
2026-07-30 06:47:30,,18.4 MiB,7.75 MiB,8.48 MiB,98.7 MiB,167 MiB,157 MiB,162 MiB,168 MiB,299 MiB,283 MiB,90.2 MiB
2026-07-30 06:47:45,,22.7 MiB,7.85 MiB,8.22 MiB,98.7 MiB,168 MiB,161 MiB,163 MiB,165 MiB,303 MiB,289 MiB,97.3 MiB
2026-07-30 06:48:00,,23.2 MiB,7.85 MiB,8.19 MiB,98.7 MiB,169 MiB,162 MiB,164 MiB,166 MiB,305 MiB,290 MiB,97.6 MiB
2026-07-30 06:48:15,,17.9 MiB,8.33 MiB,8.19 MiB,98.7 MiB,169 MiB,163 MiB,166 MiB,168 MiB,309 MiB,297 MiB,97.8 MiB
2026-07-30 06:48:30,,16.0 MiB,8.16 MiB,8.43 MiB,98.7 MiB,170 MiB,161 MiB,163 MiB,168 MiB,307 MiB,300 MiB,97.8 MiB
2026-07-30 06:48:45,,18.3 MiB,8.01 MiB,8.37 MiB,98.7 MiB,170 MiB,160 MiB,163 MiB,168 MiB,307 MiB,298 MiB,104 MiB
2026-07-30 06:49:00,,23.4 MiB,8.01 MiB,8.23 MiB,98.8 MiB,170 MiB,163 MiB,163 MiB,167 MiB,309 MiB,299 MiB,110 MiB
2026-07-30 06:49:15,,21.6 MiB,8.21 MiB,8.73 MiB,98.8 MiB,169 MiB,162 MiB,163 MiB,168 MiB,309 MiB,300 MiB,110 MiB
2026-07-30 06:49:30,,20.4 MiB,8.21 MiB,8.46 MiB,98.8 MiB,166 MiB,162 MiB,163 MiB,168 MiB,313 MiB,300 MiB,110 MiB
2026-07-30 06:49:45,,17.4 MiB,8.16 MiB,8.12 MiB,98.8 MiB,173 MiB,162 MiB,162 MiB,168 MiB,313 MiB,307 MiB,110 MiB
2026-07-30 06:50:00,,18.7 MiB,8.06 MiB,8.62 MiB,98.8 MiB,170 MiB,162 MiB,164 MiB,168 MiB,307 MiB,311 MiB,110 MiB
2026-07-30 06:50:15,,18.7 MiB,8.53 MiB,8.55 MiB,98.8 MiB,172 MiB,163 MiB,168 MiB,166 MiB,307 MiB,297 MiB,117 MiB
2026-07-30 06:50:30,,22.2 MiB,8.53 MiB,8.71 MiB,98.8 MiB,170 MiB,160 MiB,168 MiB,166 MiB,308 MiB,297 MiB,117 MiB
2026-07-30 06:50:45,,21.0 MiB,8.03 MiB,8.55 MiB,98.8 MiB,170 MiB,161 MiB,163 MiB,166 MiB,303 MiB,298 MiB,117 MiB
2026-07-30 06:51:00,,19.5 MiB,8.00 MiB,8.56 MiB,98.8 MiB,174 MiB,161 MiB,164 MiB,166 MiB,308 MiB,296 MiB,117 MiB
2026-07-30 06:51:15,,17.7 MiB,8.64 MiB,8.07 MiB,98.8 MiB,171 MiB,161 MiB,163 MiB,164 MiB,311 MiB,300 MiB,117 MiB
2026-07-30 06:51:30,,18.4 MiB,8.22 MiB,8.07 MiB,98.8 MiB,167 MiB,158 MiB,163 MiB,167 MiB,311 MiB,302 MiB,117 MiB
2026-07-30 06:51:45,,18.8 MiB,8.09 MiB,8.11 MiB,98.8 MiB,171 MiB,158 MiB,165 MiB,167 MiB,311 MiB,302 MiB,117 MiB
2026-07-30 06:52:00,,18.8 MiB,8.37 MiB,8.38 MiB,98.8 MiB,171 MiB,163 MiB,164 MiB,172 MiB,311 MiB,308 MiB,117 MiB
2026-07-30 06:52:15,,18.6 MiB,8.52 MiB,8.07 MiB,98.8 MiB,171 MiB,162 MiB,160 MiB,172 MiB,313 MiB,308 MiB,117 MiB
2026-07-30 06:52:30,,20.5 MiB,7.98 MiB,8.16 MiB,98.8 MiB,171 MiB,163 MiB,168 MiB,169 MiB,313 MiB,304 MiB,90.1 MiB
2026-07-30 06:52:45,,18.0 MiB,8.41 MiB,8.15 MiB,98.8 MiB,169 MiB,162 MiB,168 MiB,167 MiB,322 MiB,304 MiB,95.9 MiB
2026-07-30 06:53:00,,17.8 MiB,8.08 MiB,8.34 MiB,98.8 MiB,171 MiB,165 MiB,164 MiB,178 MiB,332 MiB,317 MiB,102 MiB
2026-07-30 06:53:15,,19.5 MiB,8.43 MiB,8.90 MiB,98.8 MiB,171 MiB,164 MiB,161 MiB,171 MiB,332 MiB,296 MiB,104 MiB
2026-07-30 06:53:30,,19.5 MiB,8.43 MiB,8.67 MiB,98.8 MiB,171 MiB,163 MiB,161 MiB,174 MiB,302 MiB,296 MiB,104 MiB
2026-07-30 06:53:45,,20.3 MiB,8.63 MiB,8.67 MiB,98.8 MiB,171 MiB,173 MiB,171 MiB,174 MiB,302 MiB,298 MiB,111 MiB
2026-07-30 06:54:00,,17.5 MiB,9.20 MiB,8.55 MiB,98.8 MiB,178 MiB,165 MiB,166 MiB,171 MiB,312 MiB,300 MiB,111 MiB
2026-07-30 06:54:15,,17.6 MiB,8.96 MiB,8.46 MiB,98.8 MiB,177 MiB,162 MiB,168 MiB,172 MiB,313 MiB,300 MiB,111 MiB
2026-07-30 06:54:30,,17.5 MiB,8.96 MiB,8.46 MiB,98.8 MiB,177 MiB,162 MiB,170 MiB,179 MiB,318 MiB,306 MiB,110 MiB
2026-07-30 06:54:45,,18.2 MiB,8.90 MiB,8.77 MiB,98.8 MiB,173 MiB,159 MiB,169 MiB,171 MiB,318 MiB,305 MiB,110 MiB
2026-07-30 06:55:00,,17.6 MiB,8.30 MiB,8.90 MiB,98.8 MiB,169 MiB,166 MiB,169 MiB,171 MiB,318 MiB,300 MiB,110 MiB
2026-07-30 06:55:15,,18.4 MiB,8.46 MiB,8.68 MiB,98.8 MiB,175 MiB,163 MiB,168 MiB,185 MiB,309 MiB,300 MiB,110 MiB
2026-07-30 06:55:30,,19.8 MiB,8.46 MiB,8.62 MiB,98.8 MiB,175 MiB,173 MiB,172 MiB,172 MiB,323 MiB,300 MiB,110 MiB
2026-07-30 06:55:45,,19.8 MiB,8.62 MiB,8.62 MiB,98.8 MiB,171 MiB,165 MiB,167 MiB,172 MiB,323 MiB,302 MiB,110 MiB
2026-07-30 06:56:00,,17.4 MiB,8.62 MiB,9 MiB,98.8 MiB,171 MiB,165 MiB,168 MiB,176 MiB,317 MiB,305 MiB,110 MiB
2026-07-30 06:56:15,,17.4 MiB,8.46 MiB,8.98 MiB,98.8 MiB,173 MiB,163 MiB,167 MiB,172 MiB,323 MiB,307 MiB,110 MiB
2026-07-30 06:56:30,,19.2 MiB,8.32 MiB,9.37 MiB,98.8 MiB,178 MiB,168 MiB,176 MiB,176 MiB,354 MiB,315 MiB,110 MiB
2026-07-30 06:56:45,,17.3 MiB,8.69 MiB,8.86 MiB,98.8 MiB,176 MiB,170 MiB,170 MiB,176 MiB,310 MiB,306 MiB,110 MiB
2026-07-30 06:57:00,,18.6 MiB,8.63 MiB,8.86 MiB,98.8 MiB,178 MiB,170 MiB,168 MiB,175 MiB,319 MiB,306 MiB,110 MiB
2026-07-30 06:57:15,,17.8 MiB,8.63 MiB,9.08 MiB,98.7 MiB,178 MiB,166 MiB,168 MiB,173 MiB,315 MiB,307 MiB,110 MiB
2026-07-30 06:57:30,,19.1 MiB,9.19 MiB,9.40 MiB,98.7 MiB,176 MiB,166 MiB,174 MiB,176 MiB,329 MiB,308 MiB,111 MiB